action	min_reward	mean_reward	max_reward
0	3.16207298341306	3.16207298341306	3.16207298341306
1	3.16207298341306	3.16207298341306	3.16207298341306
2	3.16207298341306	3.16207298341306	3.16207298341306
