action	min_reward	mean_reward	max_reward
0	0.0	1.245409501530368	6.564312482579681
1	0.0	0.2699446280140987	1.8572907734225643
2	0.0	0.13434914819166438	0.9952487648365548
