strategy	regret
uniform	695.508408951657543
just-0	0.000000000000000
just-1	975.464873516269108
just-2	1111.060353338703635
actual	407.467394185527837
