strategy	regret
uniform	713.970910387007052
just-0	0.000000000000000
just-1	1050.760807771029249
just-2	1091.151923389991680
actual	22.469888119381267
