index	x	v	a
u	0.340437550067074	1.30012023464392	1.95011696466153
