index	x	v	a
u	0.334459852272248	1.30445412966428	1.85813088461006
