index	x	v	a
x	1.00000000000001	1.10000000000004	5.50670620214078e-14
v	5.32907051820075e-15	0.900000000000016	0.950000000000024
a	2.22044604925031e-16	0	1.1
