index	u
x	1.64313007644523e-14
v	-0.00999999999998824
a	0.900000000000001
