strategy	regret
uniform	695.5084089516575
just-0	0.0
just-1	975.4648735162691
just-2	1111.0603533387034
actual	407.46739418552784
