state	expected_sick_days
exposed-1	1.2499999999992744
exposed-2	2.499999999998963
exposed-3	4.9999999999985185
symptoms-1	9.999999999997884
symptoms-2	6.666666666666568
symptoms-3	3.3333333333333304
recovered	-0.0
