state	speed_discomfort	minimize_discomfort
exposed-1	0.8333333333325891	0.7499999999991067
exposed-2	1.6666666666656036	1.4999999999986382
exposed-3	3.333333333331815	2.999999999997924
symptoms-1	6.666666666664499	5.999999999996835
symptoms-2	4.9999999999999005	4.499999999999847
symptoms-3	1.666666666666664	1.4999999999999964
recovered	-0.0	-0.0
