mae	rmse	std_residual
0.23459077094992078	0.26498588260373596	0.2743752931288886
