mean	std
-0.03477355254137415	0.2743752931288886
