best_profit	one_std_profit
97515.03198742504	73965.2683958064
